codigo;grupo;dia;inicio;fin;modalidad;profesor
CE1101;1;MAR;07:30;09:20;Semipresencial;SCHMIDT PERALTA JEFF
CE1101;1;JUE;07:30;09:20;Semipresencial;SCHMIDT PERALTA JEFF
CE1101;2;MAR;09:30;11:20;Semipresencial;SCHMIDT PERALTA JEFF
CE1101;2;JUE;09:30;11:20;Semipresencial;SCHMIDT PERALTA JEFF
CE1103;1;MIE;17:00;18:50;Semipresencial;RAMIREZ TREJOS ELLIOTH
CE1103;1;VIE;17:00;18:50;Semipresencial;RAMIREZ TREJOS ELLIOTH
CE1103;2;MAR;15:00;16:50;Semipresencial;GAMBOA RAMIREZ SANTIAGO
CE1103;2;JUE;15:00;16:50;Semipresencial;GAMBOA RAMIREZ SANTIAGO
CE1103;3;MAR;09:30;11:20;Semipresencial;BARBOZA ARTAVIA LUIS
CE1103;3;JUE;09:30;11:20;Semipresencial;BARBOZA ARTAVIA LUIS
CE1104;1;MAR;07:30;09:20;Regular;VILLEGAS LEMUS MILTON
CE1104;1;JUE;07:30;09:20;Regular;VILLEGAS LEMUS MILTON
CE1105;1;MAR;17:00;18:50;Semipresencial;MORA ROJAS DIEGO
CE1105;1;JUE;17:00;18:50;Semipresencial;MORA ROJAS DIEGO
CE1105;2;MIE;17:00;18:50;Semipresencial;RIVERA MENESES MARCO
CE1105;2;VIE;17:00;18:50;Semipresencial;RIVERA MENESES MARCO
CE1105;3;MAR;19:00;20:50;Semipresencial;HERNANDEZ VASQUEZ MARCO
CE1105;3;JUE;19:00;20:50;Semipresencial;HERNANDEZ VASQUEZ MARCO
CE1106;1;MIE;09:30;11:20;Semipresencial;BARBOZA ARTAVIA LUIS
CE1106;1;VIE;09:30;11:20;Semipresencial;BARBOZA ARTAVIA LUIS
CE1106;2;MAR;17:00;18:50;Semipresencial;GAMBOA RAMIREZ SANTIAGO
CE1106;2;JUE;17:00;18:50;Semipresencial;GAMBOA RAMIREZ SANTIAGO
CE2103;1;MAR;07:30;09:20;Semipresencial;RAMIREZ HERRERA JOSE ISAAC
CE2103;1;JUE;07:30;09:20;Semipresencial;RAMIREZ HERRERA JOSE ISAAC
CE2201;1;LUN;09:30;11:20;Regular;ARAYA MARTINEZ LEONARDO
CE2201;2;LUN;07:30;09:20;Regular;ARAYA MARTINEZ LEONARDO
CI1407;1;LUN;09:30;12:20;Regular;GODINEZ ROJAS PAULETTE
CI1407;2;JUE;13:00;15:50;Regular;MORALES SOLANO PAOLA NATALIA
CI1407;3;MAR;13:00;15:50;Regular;MORALES GARAY SARAY
CI1407;4;VIE;07:30;10:20;Regular;MORALES SOLANO PAOLA NATALIA
CS1502;1;JUE;09:30;11:20;Regular;ORTIZ ACUÑA LEONARDO
CS1502;2;MIE;09:30;11:20;Regular;BOJORGE MURILLO ALEXANDER
CS1502;3;MIE;17:00;18:50;Regular;BOJORGE MURILLO ALEXANDER
CS1502;4;MAR;15:00;16:50;Regular;BOJORGE MURILLO ALEXANDER
CS1502;5;MIE;09:30;11:20;Regular;GARRO REYES MAURICIO
CS2101;1;VIE;09:30;12:20;Virtual;ORTIZ ALVAREZ JORGE ISAAC
CS2101;2;MAR;09:30;12:20;Regular;RODRIGUEZ MORALES OSCAR
CS2101;3;MIE;09:30;12:20;Virtual;ORTIZ ALVAREZ JORGE ISAAC
CS2101;4;MIE;15:00;17:50;Virtual;ORTIZ ALVAREZ JORGE ISAAC
CS2101;5;JUE;09:30;12:20;Virtual;MURILLO SOLIS  JAVIER
CS2101;6;LUN;07:30;10:20;Regular;RODRIGUEZ MORALES OSCAR
CS2101;7;LUN;18:00;20:50;Virtual;RODRIGUEZ MORALES OSCAR
CS2101;8;MAR;18:00;20:50;Virtual;ROJAS MOLINA BETSY
EL2113;1;MIE;09:30;11:20;Regular;VEGA CASTILLO PAOLA
EL2113;1;VIE;09:30;11:20;Regular;VEGA CASTILLO PAOLA
EL2113;2;MAR;09:30;11:20;Regular;PEREZ RODRIGUEZ JAVIER
EL2113;2;JUE;09:30;11:20;Regular;PEREZ RODRIGUEZ JAVIER
EL2113;3;LUN;07:30;11:20;Semipresencial;PICADO GARCIA FABIAN ALBERTO
EL2113;4;LUN;07:30;09:20;Regular;HERNANDEZ RIVERA MIGUEL
EL2113;4;MIE;07:30;09:20;Regular;HERNANDEZ RIVERA MIGUEL
EL2114;1;MIE;17:00;18:50;Regular;CHINCHILLA VARGAS ERICK GUSTAVO
EL2114;1;VIE;17:00;18:50;Regular;CHINCHILLA VARGAS ERICK GUSTAVO
EL2114;2;MAR;09:30;11:20;Semipresencial;QUIROS SOLANO WILLIAM
EL2114;2;JUE;09:30;11:20;Semipresencial;QUIROS SOLANO WILLIAM
EL2114;3;MIE;07:30;09:20;Regular;VALVERDE GARDELA HEBERTH
EL2114;3;VIE;07:30;09:20;Regular;VALVERDE GARDELA HEBERTH
EL2114;4;MAR;17:00;18:50;Regular;HERRERO CHAVARRIA FELIPE
EL2114;4;JUE;17:00;18:50;Regular;HERRERO CHAVARRIA FELIPE
EL2207;1;MAR;15:00;16:50;Regular;SEGURA QUIROS CARLOS
EL2207;1;JUE;15:00;16:50;Regular;SEGURA QUIROS CARLOS
EL2207;2;MAR;07:30;09:20;Semipresencial;MONTERO RODRIGUEZ JUAN JOSE
EL2207;2;JUE;07:30;09:20;Semipresencial;MONTERO RODRIGUEZ JUAN JOSE
EL2207;3;MIE;15:00;16:50;Regular;VEGA CASTILLO PAOLA
EL2207;3;VIE;15:00;16:50;Regular;VEGA CASTILLO PAOLA
EL2207;4;MIE;17:00;18:50;Regular;PINNOCK CHACON MAC ALFRED
EL2207;4;VIE;09:30;11:20;Regular;PINNOCK CHACON MAC ALFRED
FI1101;1;MAR;07:30;09:20;Regular;MURILLO SALAZAR DENNIS
FI1101;1;JUE;07:30;09:20;Regular;MURILLO SALAZAR DENNIS
FI1101;2;MAR;07:30;09:20;Regular;MURILLO ZUMBADO GUSTAVO
FI1101;2;JUE;07:30;09:20;Regular;MURILLO ZUMBADO GUSTAVO
FI1101;3;MAR;09:30;11:20;Regular;PINEDA LIZANO JUAN JOSE
FI1101;3;JUE;09:30;11:20;Regular;PINEDA LIZANO JUAN JOSE
FI1101;4;MAR;09:30;11:20;Regular;ELIZONDO ZUÑIGA JENNIFER
FI1101;4;JUE;09:30;11:20;Regular;ELIZONDO ZUÑIGA JENNIFER
FI1101;5;MAR;13:00;14:50;Regular;ELIZONDO ZUÑIGA JENNIFER
FI1101;5;JUE;13:00;14:50;Regular;ELIZONDO ZUÑIGA JENNIFER
FI1101;6;MAR;13:00;14:50;Regular;VARGAS BLANCO IVAN
FI1101;6;JUE;13:00;14:50;Regular;VARGAS BLANCO IVAN
FI1101;7;MAR;15:00;16:50;Regular;PINEDA LIZANO JUAN JOSE
FI1101;7;JUE;15:00;16:50;Regular;PINEDA LIZANO JUAN JOSE
FI1101;8;MAR;15:00;16:50;Regular;CORRALES QUESADA ESTEBAN
FI1101;8;JUE;15:00;16:50;Regular;CORRALES QUESADA ESTEBAN
FI1101;9;MAR;17:00;18:50;Regular;CORRALES QUESADA ESTEBAN
FI1101;9;JUE;17:00;18:50;Regular;CORRALES QUESADA ESTEBAN
FI1101;11;MIE;07:30;09:20;Regular;MOYA SERRANO ROY DAVID
FI1101;11;VIE;07:30;09:20;Regular;MOYA SERRANO ROY DAVID
FI1101;13;MIE;09:30;11:20;Semipresencial;CAMBRONERO CORDERO MICHAEL
FI1101;13;VIE;09:30;11:20;Semipresencial;CAMBRONERO CORDERO MICHAEL
FI1101;14;MIE;09:30;11:20;Regular;MONTERO ZELEDON ERNESTO
FI1101;14;VIE;09:30;11:20;Regular;MONTERO ZELEDON ERNESTO
FI1101;15;MIE;13:00;14:50;Regular;SEGURA ZARATE ANA YANCY
FI1101;15;VIE;13:00;14:50;Regular;SEGURA ZARATE ANA YANCY
FI1101;17;MIE;15:00;16:50;Semipresencial;ROJAS PEREZ FRANCISCO
FI1101;17;VIE;15:00;16:50;Semipresencial;ROJAS PEREZ FRANCISCO
FI1101;18;MIE;17:00;18:50;Regular;SEGURA ZARATE ANA YANCY
FI1101;18;VIE;17:00;18:50;Regular;SEGURA ZARATE ANA YANCY
FI1101;19;MAR;09:30;11:20;Grupo RN;ROJAS PEREZ FRANCISCO
FI1101;19;JUE;09:30;11:20;Grupo RN;ROJAS PEREZ FRANCISCO
FI1101;20;MIE;09:30;11:20;Grupo RN;SEGURA ZARATE ANA YANCY
FI1101;20;VIE;09:30;11:20;Grupo RN;SEGURA ZARATE ANA YANCY
FI1102;1;MAR;07:30;09:20;Regular;LOBO ZAMORA JUAN CARLOS
FI1102;1;JUE;07:30;09:20;Regular;LOBO ZAMORA JUAN CARLOS
FI1102;2;MAR;09:30;11:20;Semipresencial;VARGAS BLANCO IVAN
FI1102;2;JUE;09:30;11:20;Semipresencial;VARGAS BLANCO IVAN
FI1102;3;MAR;09:30;11:20;Semipresencial;AMADOR JARA ALVARO
FI1102;3;JUE;09:30;11:20;Semipresencial;AMADOR JARA ALVARO
FI1102;4;MAR;13:00;14:50;Regular;PINEDA LIZANO JUAN JOSE
FI1102;4;JUE;13:00;14:50;Regular;PINEDA LIZANO JUAN JOSE
FI1102;5;MAR;17:00;18:50;Regular;PINEDA LIZANO JUAN JOSE
FI1102;5;JUE;17:00;18:50;Regular;PINEDA LIZANO JUAN JOSE
FI1102;6;MIE;07:30;09:20;Regular;MURILLO ZUMBADO GUSTAVO
FI1102;6;VIE;07:30;09:20;Regular;MURILLO ZUMBADO GUSTAVO
FI1102;7;MIE;09:30;11:20;Semipresencial;PEREZ HIDALGO JOSE ESTEBAN
FI1102;7;VIE;09:30;11:20;Semipresencial;PEREZ HIDALGO JOSE ESTEBAN
FI1102;8;MIE;13:00;14:50;Semipresencial;OREAMUNO MADRIZ RAFAEL
FI1102;8;VIE;13:00;14:50;Semipresencial;OREAMUNO MADRIZ RAFAEL
FI1102;9;MIE;15:00;16:50;Regular;CORRALES QUESADA ESTEBAN
FI1102;9;VIE;15:00;16:50;Regular;CORRALES QUESADA ESTEBAN
FI1102;10;MAR;07:30;09:20;Grupo RN;SOTO CHINCHILLA YERRY
FI1102;10;JUE;07:30;09:20;Grupo RN;SOTO CHINCHILLA YERRY
FI1102;11;MAR;09:30;11:20;Regular;MURILLO ZUMBADO GUSTAVO
FI1102;11;JUE;09:30;11:20;Regular;MURILLO ZUMBADO GUSTAVO
FI1201;1;MAR;07:30;09:20;Regular;SEVILLA QUESADA EVAR
FI1201;2;MAR;09:30;11:20;Regular;JIMENEZ CARBALLO CARLOS ADRIAN
FI1201;3;MAR;13:00;14:50;Regular;CAMPOS RODRIGUEZ MELANIA
FI1201;4;MAR;15:00;16:50;Regular;CAMPOS RODRIGUEZ MELANIA
FI1201;5;MAR;17:00;18:50;Regular;SEGURA CARVAJAL MARCOS
FI1201;6;MIE;07:30;09:20;Regular;PEREZ HIDALGO JOSE ESTEBAN
FI1201;7;MIE;09:30;11:20;Regular;JIMENEZ CARBALLO CARLOS ADRIAN
FI1201;8;MIE;13:00;14:50;Regular;MAYORGA ESPINOZA CARLOS
FI1201;9;MIE;15:00;16:50;Regular;SEGURA CARVAJAL MARCOS
FI1201;10;MIE;17:00;18:50;Regular;CORRALES QUESADA ESTEBAN
FI1201;11;JUE;07:30;09:20;Regular;ALFARO ALVARADO JOSE ABRAHAN
FI1201;12;JUE;09:30;11:20;Regular;MONTERO ZELEDON ERNESTO
FI1201;14;JUE;15:00;16:50;Regular;MORALES MUÑOZ WALTER
FI1201;15;JUE;17:00;18:50;Regular;SEGURA CARVAJAL MARCOS
FI1201;16;VIE;07:30;09:20;Regular;MORALES MUÑOZ WALTER
FI1201;17;VIE;09:30;11:20;Regular;MORALES MUÑOZ WALTER
FI1201;18;VIE;13:00;14:50;Regular;CORRALES QUESADA ESTEBAN
FI1201;19;MAR;09:30;11:20;Regular;SOLANO PIEDRA RICARDO ADOLFO
FI1201;22;MIE;09:30;11:20;Regular;ELIZONDO ZUÑIGA JENNIFER
FI1201;23;MIE;15:00;16:50;Regular;CAMBRONERO CORDERO MICHAEL
FI1201;24;MIE;17:00;18:50;Regular;CAMBRONERO CORDERO MICHAEL
FI1201;25;JUE;09:30;11:20;Regular;SOLANO PIEDRA RICARDO ADOLFO
FI1201;26;JUE;13:00;14:50;Regular;MORALES MUÑOZ WALTER
FI1201;27;JUE;17:00;18:50;Regular;ALFARO ALVARADO JOSE ABRAHAN
FI1201;29;MAR;13:00;14:50;Regular;OREAMUNO MADRIZ RAFAEL
FI1202;1;MAR;09:30;11:20;Regular;ARAYA SOLANO LUIS ALONSO
FI1202;2;MAR;13:00;14:50;Regular;ARAYA SOLANO LUIS ALONSO
FI1202;3;MAR;17:00;18:50;Regular;SEVILLA QUESADA EVAR
FI1202;4;MIE;07:30;09:20;Regular;JIMENEZ CARBALLO CARLOS ADRIAN
FI1202;5;MIE;09:30;11:20;Regular;MURILLO ZUMBADO GUSTAVO
FI1202;6;MIE;15:00;16:50;Regular;OREAMUNO MADRIZ RAFAEL
FI1202;7;JUE;09:30;11:20;Regular;MORALES MUÑOZ WALTER
FI1202;8;VIE;13:00;14:50;Regular;MORALES MUÑOZ WALTER
FI1202;9;MIE;13:00;14:50;Regular;ROJAS ROJAS LAURA
MA0101;1;MAR;07:30;10:20;Regular;SOLIS PALMA ANGIE
MA0101;1;JUE;07:30;09:20;Regular;SOLIS PALMA ANGIE
MA0101;2;MAR;09:30;12:20;Regular;VEGA VASQUEZ ARTURO
MA0101;2;JUE;09:30;11:20;Regular;VEGA VASQUEZ ARTURO
MA0101;3;MAR;13:00;15:50;Regular;CORDERO QUIROS MARCIAL
MA0101;3;JUE;13:00;14:50;Regular;CORDERO QUIROS MARCIAL
MA0101;4;MAR;15:00;16:50;Regular;JIMENEZ MADRIGAL JORGE
MA0101;4;JUE;15:00;17:50;Regular;JIMENEZ MADRIGAL JORGE
MA0101;5;MAR;16:00;18:50;Asistida;RODRIGUEZ CASTRO BRYAN
MA0101;5;JUE;16:00;17:50;Asistida;RODRIGUEZ CASTRO BRYAN
MA0101;6;MAR;18:00;20:50;Regular;CORDERO QUIROS MARCIAL
MA0101;6;JUE;18:00;19:50;Regular;CORDERO QUIROS MARCIAL
MA0101;7;MIE;07:30;09:20;Regular;SANCHEZ FERNANDEZ IVONNE
MA0101;7;VIE;07:30;10:20;Regular;SANCHEZ FERNANDEZ IVONNE
MA0101;8;MIE;09:30;12:20;Regular;MARRERO CALVO MARCELA
MA0101;8;VIE;09:30;11:20;Regular;MARRERO CALVO MARCELA
MA0101;9;MIE;13:00;15:50;Regular;QUESADA VILLALOBOS LOURDES
MA0101;9;VIE;13:00;14:50;Regular;QUESADA VILLALOBOS LOURDES
MA0101;10;MIE;15:00;17:50;Regular;AZOFEIFA CUBERO ROBERTO
MA0101;10;VIE;15:00;16:50;Regular;AZOFEIFA CUBERO ROBERTO
MA0101;11;MIE;16:00;18:50;Grupo RN;PRENDAS ROJAS JUAN PABLO
MA0101;11;VIE;17:00;18:50;Grupo RN;PRENDAS ROJAS JUAN PABLO
MA0101;12;SAB;07:30;12:20;Regular;SOLANO VARELA DANIEL JESUS
MA1102;1;MAR;07:30;10:20;Regular;QUESADA VILLALOBOS LOURDES
MA1102;1;JUE;07:30;09:20;Regular;QUESADA VILLALOBOS LOURDES
MA1102;2;MAR;07:30;09:20;Regular;CORDERO QUIROS MARCIAL
MA1102;2;JUE;07:30;10:20;Regular;CORDERO QUIROS MARCIAL
MA1102;3;MAR;09:30;11:20;Regular;MASIS FLORES DAVID
MA1102;3;JUE;09:30;12:20;Regular;MASIS FLORES DAVID
MA1102;4;MAR;09:30;12:20;Asistida;PAEZ PAEZ CRISTIAN
MA1102;4;JUE;10:30;12:20;Asistida;PAEZ PAEZ CRISTIAN
MA1102;5;MAR;13:00;15:50;Regular;RODRIGUEZ GRANADOS NATALIA
MA1102;5;JUE;13:00;14:50;Regular;RODRIGUEZ GRANADOS NATALIA
MA1102;6;MAR;15:00;16:50;Regular;PARRA SALAZAR EDWARD
MA1102;6;JUE;15:00;17:50;Regular;PARRA SALAZAR EDWARD
MA1102;7;MAR;16:00;18:50;Regular;MASIS FLORES DAVID
MA1102;7;JUE;16:00;17:50;Regular;MASIS FLORES DAVID
MA1102;8;MAR;15:00;17:50;Regular;QUESADA VILLALOBOS LOURDES
MA1102;8;JUE;16:00;17:50;Regular;QUESADA VILLALOBOS LOURDES
MA1102;9;MAR;17:00;19:50;Grupo RN;ESQUIVEL SAMUDIO JEISON
MA1102;9;JUE;17:00;18:50;Grupo RN;ESQUIVEL SAMUDIO JEISON
MA1102;10;MAR;18:00;20:50;Semipresencial;FALLAS MONGE JUAN JOSE
MA1102;10;JUE;18:00;19:50;Semipresencial;FALLAS MONGE JUAN JOSE
MA1102;11;MIE;07:30;09:20;Regular;PAEZ PAEZ CRISTIAN
MA1102;11;VIE;07:30;10:20;Regular;PAEZ PAEZ CRISTIAN
MA1102;12;MIE;07:30;10:20;Regular;JIMENEZ MADRIGAL JORGE
MA1102;12;VIE;07:30;09:20;Regular;JIMENEZ MADRIGAL JORGE
MA1102;13;MIE;10:30;12:20;Regular;PARRA SALAZAR EDWARD
MA1102;13;VIE;09:30;12:20;Regular;PARRA SALAZAR EDWARD
MA1102;14;MIE;09:30;12:20;Regular;MORA PICADO LUIS FERNANDO
MA1102;14;VIE;10:30;12:20;Regular;MORA PICADO LUIS FERNANDO
MA1102;15;MIE;13:00;15:50;Regular;NUÑEZ VANEGAS FELIX
MA1102;15;VIE;13:00;14:50;Regular;NUÑEZ VANEGAS FELIX
MA1102;16;MIE;15:00;17:50;Regular;MORA PICADO LUIS FERNANDO
MA1102;16;VIE;15:00;16:50;Regular;MORA PICADO LUIS FERNANDO
MA1102;17;MIE;16:00;18:50;Regular;GUTIERREZ MONTENEGRO MARCO VINICIO
MA1102;17;VIE;16:00;17:50;Regular;GUTIERREZ MONTENEGRO MARCO VINICIO
MA1102;18;MIE;17:00;19:50;Grupo RN;PARRA SALAZAR EDWARD
MA1102;18;VIE;17:00;18:50;Grupo RN;PARRA SALAZAR EDWARD
MA1102;19;MIE;17:00;19:50;Regular;MORA CASASOLA MARIA FERNANDA
MA1102;19;VIE;17:00;18:50;Regular;MORA CASASOLA MARIA FERNANDA
MA1102;20;MIE;18:00;20:50;Semipresencial;LOPEZ MORA VERONICA
MA1102;20;VIE;18:00;19:50;Semipresencial;LOPEZ MORA VERONICA
MA1102;21;SAB;07:30;12:20;Regular;JIMENEZ MADRIGAL JORGE
MA1102;22;MIE;16:00;18:50;Tutoría;SANCHEZ FERNANDEZ IVONNE
MA1102;22;VIE;16:00;17:50;Tutoría;SANCHEZ FERNANDEZ IVONNE
MA1103;1;MAR;07:30;09:20;Regular;CHAVARRIA MOLINA JEFFRY
MA1103;1;JUE;07:30;09:20;Regular;CHAVARRIA MOLINA JEFFRY
MA1103;2;MAR;07:30;09:20;Regular;CHINCHILLA VALVERDE JORGE LUIS
MA1103;2;JUE;07:30;09:20;Regular;CHINCHILLA VALVERDE JORGE LUIS
MA1103;3;MAR;09:30;11:20;Regular;CHINCHILLA VALVERDE JORGE LUIS
MA1103;3;JUE;09:30;11:20;Regular;CHINCHILLA VALVERDE JORGE LUIS
MA1103;4;MAR;13:00;14:50;Regular;CHAVARRIA MOLINA JEFFRY
MA1103;4;JUE;13:00;14:50;Regular;CHAVARRIA MOLINA JEFFRY
MA1103;5;MAR;13:00;14:50;Asistida;JIMENEZ ROMERO ALEJANDRA
MA1103;5;JUE;13:00;14:50;Asistida;JIMENEZ ROMERO ALEJANDRA
MA1103;6;MAR;15:00;16:50;Regular;FIGUEROA MATA GEOVANNI
MA1103;6;JUE;15:00;16:50;Regular;FIGUEROA MATA GEOVANNI
MA1103;7;MAR;16:00;17:50;Regular;BRENES GOMEZ  RANDALL
MA1103;7;JUE;16:00;17:50;Regular;BRENES GOMEZ  RANDALL
MA1103;8;MAR;17:00;18:50;Regular;GUTIERREZ MONTENEGRO MARCO VINICIO
MA1103;8;JUE;17:00;18:50;Regular;GUTIERREZ MONTENEGRO MARCO VINICIO
MA1103;9;MAR;18:00;19:50;Grupo RN;ALPIZAR BRENES GEISEL
MA1103;9;JUE;18:00;19:50;Grupo RN;ALPIZAR BRENES GEISEL
MA1103;10;MAR;18:00;19:50;Semipresencial;FIGUEROA MATA GEOVANNI
MA1103;10;JUE;18:00;19:50;Semipresencial;FIGUEROA MATA GEOVANNI
MA1103;11;MIE;07:30;09:20;Regular;ACUÑA PRADO LUIS
MA1103;11;VIE;07:30;09:20;Regular;ACUÑA PRADO LUIS
MA1103;12;MIE;09:30;11:20;Regular;GUTIERREZ MONTENEGRO MARCO VINICIO
MA1103;12;VIE;09:30;11:20;Regular;GUTIERREZ MONTENEGRO MARCO VINICIO
MA1103;13;MIE;13:00;14:50;Regular;FIGUEROA MATA GEOVANNI
MA1103;13;VIE;13:00;14:50;Regular;FIGUEROA MATA GEOVANNI
MA1103;14;MIE;15:00;16:50;Regular;CALDERON SOLANO MANUEL
MA1103;14;VIE;15:00;16:50;Regular;CALDERON SOLANO MANUEL
MA1103;15;MIE;16:00;17:50;Regular;PARRA RODRIGUEZ EMMANUELLE
MA1103;15;VIE;16:00;17:50;Regular;PARRA RODRIGUEZ EMMANUELLE
MA1103;16;MIE;17:00;18:50;Grupo RN;CALDERON SOLANO MANUEL
MA1103;16;VIE;17:00;18:50;Grupo RN;CALDERON SOLANO MANUEL
MA1103;17;MIE;18:00;19:50;Semipresencial;MORA PICADO LUIS FERNANDO
MA1103;17;VIE;18:00;19:50;Semipresencial;MORA PICADO LUIS FERNANDO
MA1103;18;SAB;07:30;11:20;Semipresencial;BRENES GOMEZ  RANDALL
MA1103;19;JUE;07:30;11:20;Tutoría;JIMENEZ MADRIGAL JORGE
MA1403;1;MIE;07:30;09:20;Regular;SOLIS ARGUEDAS ADRIANA
MA1403;1;VIE;07:30;09:20;Regular;SOLIS ARGUEDAS ADRIANA
MA1403;2;MIE;09:30;11:20;Regular;FALLAS MONGE JUAN JOSE
MA1403;2;VIE;09:30;11:20;Regular;FALLAS MONGE JUAN JOSE
MA1403;3;MAR;18:00;19:50;Grupo RN;SOTO QUIROS JUAN PABLO
MA1403;3;JUE;18:00;19:50;Grupo RN;SOTO QUIROS JUAN PABLO
MA1403;4;MAR;13:00;14:50;Regular;RAMIREZ ARCE GREIVIN
MA1403;4;JUE;13:00;14:50;Regular;RAMIREZ ARCE GREIVIN
MA1403;5;MAR;15:00;16:50;Regular;FALLAS MONGE JUAN JOSE
MA1403;5;JUE;15:00;16:50;Regular;FALLAS MONGE JUAN JOSE
MA1403;6;MIE;07:30;09:20;Regular;CHAVES SALAS LEONEL ROLANDO
MA1403;6;VIE;07:30;09:20;Regular;CHAVES SALAS LEONEL ROLANDO
MA2104;1;MIE;09:30;11:20;Regular;MONGE FALLAS JORGE
MA2104;1;VIE;09:30;11:20;Regular;MONGE FALLAS JORGE
MA2104;2;MAR;18:00;19:50;Semipresencial;BORBON ALPIZAR ALEXANDER
MA2104;2;JUE;18:00;19:50;Semipresencial;BORBON ALPIZAR ALEXANDER
MA2104;3;MIE;15:00;16:50;Regular;VALVERDE SANCHEZ SAMUEL
MA2104;3;VIE;15:00;16:50;Regular;VALVERDE SANCHEZ SAMUEL
MA2104;4;MAR;09:30;11:20;Regular;JIMENEZ ROMERO ALEJANDRA
MA2104;4;JUE;09:30;11:20;Regular;JIMENEZ ROMERO ALEJANDRA
MA2104;5;MIE;18:00;19:50;Semipresencial;OVIEDO UGALDE NORBERTO
MA2104;5;VIE;18:00;19:50;Semipresencial;OVIEDO UGALDE NORBERTO
MA2104;6;SAB;07:30;11:20;Regular;ESQUIVEL SAMUDIO JEISON
MA2104;7;MAR;13:00;14:50;Regular;CHACON VARGAS ERICK
MA2104;7;JUE;13:00;14:50;Regular;CHACON VARGAS ERICK
PI2609;1;LUN;07:30;10:20;Regular;SOLANO LEANDRO PAULA
PI2609;2;MIE;13:00;15:50;Regular;HASBUM FERNANDEZ  IVANNIA
PI2609;3;JUE;13:00;15:50;Regular;HASBUM FERNANDEZ  IVANNIA
QU1102;1;MAR;07:30;09:20;Regular;SALAS JIMENEZ JUAN CARLOS
QU1102;2;MAR;09:30;11:20;Regular;CALLEJA AMADOR CARLOS ENRIQUE
QU1102;3;MAR;13:00;14:50;Regular;CALLEJA AMADOR CARLOS ENRIQUE
QU1102;4;MAR;15:00;16:50;Regular;MATA MATA ALEJANDRA
QU1102;5;MIE;07:30;09:20;Regular;MORA MOLINA JESUS
QU1102;6;MIE;09:30;11:20;Regular;MORA MOLINA JESUS
QU1102;7;MIE;13:00;14:50;Regular;MORA MOLINA JESUS
QU1102;8;MIE;15:00;16:50;Regular;HERNANDEZ ALPIZAR LAURA
QU1102;9;JUE;07:30;09:20;Regular;QUIROS BUSTOS NOEMI
QU1102;10;JUE;09:30;11:20;Regular;QUIROS BUSTOS NOEMI
QU1102;11;JUE;13:00;14:50;Regular;CALLEJA AMADOR CARLOS ENRIQUE
QU1102;13;VIE;07:30;09:20;Regular;SOTO CORDOBA SILVIA
QU1102;15;VIE;13:00;14:50;Regular;LEDEZMA ESPINOZA AURA
QU1106;1;MAR;07:30;09:20;Semipresencial;PORRAS ACOSTA MARIA
QU1106;1;JUE;07:30;09:20;Semipresencial;PORRAS ACOSTA MARIA
QU1106;2;MAR;07:30;09:20;Semipresencial;CALLEJA AMADOR CARLOS ENRIQUE
QU1106;2;JUE;07:30;09:20;Semipresencial;CALLEJA AMADOR CARLOS ENRIQUE
QU1106;3;MAR;09:30;11:20;Semipresencial;PORRAS ACOSTA MARIA
QU1106;3;JUE;09:30;11:20;Semipresencial;PORRAS ACOSTA MARIA
QU1106;5;MAR;13:00;14:50;Semipresencial;SOTO CORDOBA SILVIA
QU1106;5;JUE;13:00;14:50;Semipresencial;SOTO CORDOBA SILVIA
QU1106;7;MAR;15:00;16:50;Semipresencial;QUIROS BUSTOS NOEMI
QU1106;7;JUE;15:00;16:50;Semipresencial;QUIROS BUSTOS NOEMI
QU1106;9;MIE;09:30;11:20;Semipresencial;PORRAS ACOSTA MARIA
QU1106;9;VIE;09:30;11:20;Semipresencial;PORRAS ACOSTA MARIA
QU1106;11;MIE;13:00;14:50;Semipresencial;VILLALTA ROMERO FABIAN
QU1106;11;VIE;13:00;14:50;Semipresencial;VILLALTA ROMERO FABIAN
SE1101;1;LUN;09:30;11:20;Regular;DE SIMONE CASTELLON ALEXANDRA
SE1101;2;MAR;17:00;18:50;Regular;GOMEZ JIMENEZ ANDREA
SE1101;3;MIE;15:00;16:50;Regular;GOMEZ JIMENEZ ANDREA
SE1102;1;LUN;07:30;09:20;Virtual;VALERIN ROJAS SOFIA
SE1102;2;LUN;18:00;19:50;Regular;BARRANTES ALVARADO IVAN
SE1102;3;MAR;07:30;09:20;Virtual;VALERIN ROJAS SOFIA
SE1102;4;MIE;07:30;09:20;Virtual;VALERIN ROJAS SOFIA
SE1102;5;MIE;09:30;11:20;Virtual;VALERIN ROJAS SOFIA
SE1102;6;MAR;09:30;11:20;Regular;BARRANTES ALVARADO IVAN
SE1103;1;JUE;09:30;11:20;Regular;QUESADA VILLALOBOS JORGE
SE1104;1;LUN;17:00;18:50;Regular;DIAZ BRENES NELSON
SE1104;2;MAR;17:00;18:50;Regular;DIAZ BRENES NELSON
SE1104;3;MIE;17:00;18:50;Regular;DIAZ BRENES NELSON
SE1104;4;VIE;09:30;11:20;Regular;COTO GUZMAN ALICIA
SE1105;1;LUN;07:30;09:20;Regular;CASTILLO ULATE ELENA
SE1105;2;MAR;09:30;11:20;Regular;MONGE PEREZ LUIS DIEGO
SE1105;3;MAR;13:00;14:50;Regular;MONGE PEREZ LUIS DIEGO
SE1105;4;MAR;15:00;16:50;Regular;MEZA SOLANO VINICIO
SE1105;5;MAR;17:00;18:50;Regular;MEZA SOLANO VINICIO
SE1105;6;JUE;15:00;16:50;Regular;MEZA SOLANO VINICIO
SE1105;7;JUE;18:00;19:50;Regular;MONGE PEREZ LUIS DIEGO
SE1105;8;VIE;13:00;14:50;Regular;CASTILLO ULATE ELENA
SE1106;1;MAR;07:30;09:20;Regular;RAMOS VARGAS ARNOLDO
SE1107;1;MAR;09:30;11:20;Regular;COTO GUZMAN ALICIA
SE1107;2;VIE;13:00;14:50;Regular;DIAZ BRENES NELSON
SE1107;3;JUE;09:30;11:20;Regular;COTO GUZMAN ALICIA
SE1109;1;LUN;07:30;09:20;Virtual;SANCHO MARTINEZ LAURA KARINA
SE1109;2;MIE;07:30;09:20;Virtual;SANCHO MARTINEZ LAURA KARINA
SE1201;1;MAR;07:30;09:20;Regular;LORIA SOLANO JOHNNY
SE1201;2;MIE;07:30;09:20;Regular;LORIA SOLANO JOHNNY
SE1204;1;LUN;07:30;09:20;Regular;LOAIZA SOTO BIERY
SE1204;2;LUN;09:30;11:20;Regular;LOAIZA SOTO BIERY
SE1204;3;MAR;17:00;18:50;Regular;SANCHEZ PEREZ LISBETH
SE1204;4;MIE;07:30;09:20;Regular;LOAIZA SOTO BIERY
SE1204;5;MIE;09:30;11:20;Regular;BOGANTES GARCIA FERNANDO
SE1204;6;MIE;13:00;14:50;Regular;SANCHEZ PEREZ LISBETH
SE1204;7;MIE;15:00;16:50;Regular;SANCHEZ PEREZ LISBETH
SE1204;8;JUE;09:30;11:20;Regular;SANCHEZ PEREZ LISBETH
SE1204;9;JUE;17:00;18:50;Regular;MENDEZ SOLANO MIGUEL
SE1205;1;LUN;09:30;11:20;Regular;QUIROS VALVERDE RODRIGO
SE1205;2;MAR;07:30;09:20;Regular;LOAIZA SOTO BIERY
SE1205;3;MAR;13:00;14:50;Regular;MENDEZ GAMBOA ROSAURA
SE1205;4;MIE;07:30;09:20;Regular;QUIROS VALVERDE RODRIGO
SE1205;5;MIE;09:30;11:20;Regular;CABRERA ARAYA GUSTAVO ALCIDES
SE1205;6;JUE;07:30;09:20;Regular;QUIROS VALVERDE RODRIGO
SE1205;7;JUE;09:30;11:20;Regular;VEGA AGUERO JORGE
SE1206;1;MAR;09:30;11:20;Regular;LORIA SOLANO JOHNNY
SE1206;2;MAR;09:30;11:20;Regular;ORTEGA ARTAVIA JHONNY
SE1206;3;MIE;09:30;11:20;Regular;MENDEZ GAMBOA ROSAURA
SE1206;4;VIE;07:30;09:20;Regular;VEGA AGUERO JORGE
SE1206;5;LUN;07:30;09:20;Regular;VEGA AGUERO JORGE
SE1206;6;VIE;13:00;14:50;Regular;TRAVIESO RODRIGUEZ ALBERTO
SE1209;1;LUN;07:30;09:20;Regular;MENDEZ SOLANO MIGUEL
SE1209;2;MAR;09:30;11:20;Regular;VEGA AGUERO JORGE
SE1209;3;MIE;07:30;09:20;Regular;MENDEZ SOLANO MIGUEL
SE1209;4;VIE;09:30;11:20;Regular;VEGA AGUERO JORGE
SE1218;1;MAR;09:30;11:20;Virtual;CORDERO MAROTO NELSON
SE1219;1;LUN;07:30;09:20;Regular;CABRERA ARAYA GUSTAVO ALCIDES
SE1219;2;MAR;15:00;16:50;Regular;MARIN VARGAS FABIAN
SE1221;1;MAR;09:30;11:20;Regular;JIMENEZ JIMENEZ DANIEL
SE1222;1;MIE;09:30;11:20;Regular;ORTEGA ARTAVIA JHONNY
SE1222;2;VIE;09:30;11:20;Regular;ORTEGA ARTAVIA JHONNY
SO4604;1;LUN;07:30;10:20;Regular;MORALES MARTINEZ GABRIELA
SO4604;2;JUE;13:00;15:50;Regular;CARPIO CHAVES MONICA
SO4604;3;JUE;17:00;19:50;Regular;MORALES MARTINEZ GABRIELA
SO4604;4;MIE;13:00;15:50;Regular;MORALES MARTINEZ GABRIELA
SO4604;5;VIE;07:30;10:20;Regular;MORALES MARTINEZ GABRIELA
